[
    {
        "id": "99dd0a743a29fbec",
        "type": "tab",
        "label": "Flow 5",
        "disabled": false,
        "info": "",
        "env": []
    },
    {
        "id": "14c16c7e4efba85e",
        "type": "mysql",
        "z": "99dd0a743a29fbec",
        "mydb": "13a1fc9a07e9e6eb",
        "name": "",
        "x": 590,
        "y": 280,
        "wires": [
            [
                "f07826cdac7a8aa2"
            ]
        ]
    },
    {
        "id": "73616fd86150f1a7",
        "type": "template",
        "z": "99dd0a743a29fbec",
        "name": "",
        "field": "topic",
        "fieldType": "msg",
        "format": "handlebars",
        "syntax": "mustache",
        "template": "INSERT INTO Project_Pikha_D&D\n (lat, lon, temp, dust_value, place_type) VALUES ({{payload.Lat}}, {{payload.Lon}}, {{payload.Temperature}}, {{payload.dust_value}}, {{payload.place_type}})",
        "output": "str",
        "x": 400,
        "y": 280,
        "wires": [
            [
                "14c16c7e4efba85e",
                "1f67dce30d012432"
            ]
        ]
    },
    {
        "id": "ad7ff0ce7319933f",
        "type": "mqtt in",
        "z": "99dd0a743a29fbec",
        "name": "",
        "topic": "b6610545774/dt_sensors",
        "qos": "2",
        "datatype": "auto-detect",
        "broker": "a0e216210f108bbf",
        "nl": false,
        "rap": true,
        "rh": 0,
        "inputs": 0,
        "x": 210,
        "y": 280,
        "wires": [
            [
                "930f39ee44bf659e",
                "73616fd86150f1a7"
            ]
        ]
    },
    {
        "id": "3e8be9fc48fc6272",
        "type": "inject",
        "z": "99dd0a743a29fbec",
        "d": true,
        "name": "TMD(Closed_uncleaned)",
        "props": [
            {
                "p": "payload"
            },
            {
                "p": "topic",
                "vt": "str"
            }
        ],
        "repeat": "",
        "crontab": "*/10 13-14 * * 2,3,4,5,6",
        "once": true,
        "onceDelay": 0.1,
        "topic": "",
        "payload": "",
        "payloadType": "date",
        "x": 190,
        "y": 600,
        "wires": [
            [
                "40d9a47656cacc8a"
            ]
        ]
    },
    {
        "id": "40d9a47656cacc8a",
        "type": "http request",
        "z": "99dd0a743a29fbec",
        "name": "",
        "method": "GET",
        "ret": "txt",
        "paytoqs": "ignore",
        "url": "https://data.tmd.go.th/api/Weather3Hours/V2/?uid=api&ukey=api12345&format=json",
        "tls": "",
        "persist": false,
        "proxy": "",
        "insecureHTTPParser": false,
        "authType": "",
        "senderr": false,
        "headers": [],
        "x": 390,
        "y": 600,
        "wires": [
            [
                "6d3989ee8e887e31"
            ]
        ]
    },
    {
        "id": "d87199133452963a",
        "type": "function",
        "z": "99dd0a743a29fbec",
        "name": "function 6",
        "func": "// Define the location and place type for Closed_uncleaned_area\nconst myLat = 13.8855;\nconst myLon = 100.502;\nconst place_type = \"Closed_uncleaned_area\";\n\n// Extract the stations data from the TMD API response\nconst stations = msg.payload.Stations.Station;\nlet closestStation = null;\nlet minDist = Infinity;\n\n// Iterate through stations to find the closest one\nstations.forEach(station => {\n    const stationLat = parseFloat(station.Latitude);\n    const stationLon = parseFloat(station.Longitude);\n    const distance = Math.sqrt(Math.pow(stationLat - myLat, 2) + Math.pow(stationLon - myLon, 2));\n\n    if (distance < minDist) {\n        minDist = distance;\n        closestStation = station;\n    }\n});\n\nif (!closestStation || !closestStation.Observation) {\n    node.error(\"No nearby weather station or observation data found for location: \" + place_type);\n    return null;\n}\n\n// Extract weather data\nconst temp = closestStation.Observation.AirTemperature !== undefined \n             ? parseFloat(closestStation.Observation.AirTemperature) \n             : null;\nconst humidity = closestStation.Observation.RelativeHumidity !== undefined \n                 ? parseFloat(closestStation.Observation.RelativeHumidity) \n                 : null;\nconst rainfall = closestStation.Observation.Rainfall !== undefined \n                 ? parseFloat(closestStation.Observation.Rainfall) \n                 : null;\n\n// Prepare SQL Query\nmsg.topic = `INSERT INTO tmd (ts, lat, lon, temp, humidity, rainfall, place_type) \n             VALUES (NOW(), ${myLat}, ${myLon}, ${temp}, ${humidity}, ${rainfall}, '${place_type}')`;\n\nreturn msg;\n",
        "outputs": 1,
        "timeout": 0,
        "noerr": 0,
        "initialize": "",
        "finalize": "",
        "libs": [],
        "x": 740,
        "y": 600,
        "wires": [
            [
                "aa7dfb34368998bb"
            ]
        ]
    },
    {
        "id": "6d3989ee8e887e31",
        "type": "json",
        "z": "99dd0a743a29fbec",
        "name": "Parse JSON2",
        "property": "payload",
        "action": "",
        "pretty": false,
        "x": 580,
        "y": 600,
        "wires": [
            [
                "d87199133452963a"
            ]
        ]
    },
    {
        "id": "350fcd31c272fd40",
        "type": "inject",
        "z": "99dd0a743a29fbec",
        "d": true,
        "name": "IQAir(Closed_uncleaned)",
        "props": [
            {
                "p": "payload"
            },
            {
                "p": "topic",
                "vt": "str"
            }
        ],
        "repeat": "",
        "crontab": "*/10 13-14 * * 2,3,4,5,6",
        "once": true,
        "onceDelay": 0.1,
        "topic": "",
        "payload": "",
        "payloadType": "date",
        "x": 160,
        "y": 420,
        "wires": [
            [
                "0ec5c6746e1e140b"
            ]
        ]
    },
    {
        "id": "ac307bd3e78ad0d8",
        "type": "function",
        "z": "99dd0a743a29fbec",
        "name": "function 9",
        "func": "// Debug API response\nnode.warn(msg.payload);\n\n// Check if API response contains required data\nif (!msg.payload || !msg.payload.data || !msg.payload.data.iaqi || !msg.payload.data.iaqi.pm25) {\n    node.error(\"No AQI data found in API response\", msg);\n    return null;  // Stop execution if no data\n}\n\n// Extract values\nconst dust_value = msg.payload.data.iaqi.pm25.v;  // Correct path for PM2.5\n\n// Define latitude, longitude, and place_type based on your specific location\nconst locations = [\n    {\n        lat: 13.8855, \n        lon: 100.502, \n        place_type: \"Closed_uncleaned_area\"  // You can add more locations with different place types later\n    },\n    // Add more location entries as needed for other areas\n];\n\n// Construct SQL query for each location\nlocations.forEach(location => {\n    const { lat, lon, place_type } = location;\n\n    // Construct SQL query for the current location\n    msg.topic = `INSERT INTO Project_secondary (lat, lon, dust_value, place_type) \n                 VALUES (${lat}, ${lon}, ${dust_value}, '${place_type}')`;\n\n    // Return the query (you can handle it further as needed)\n    node.send(msg);\n});\n\nreturn null;  // End execution after sending the data for all locations\n",
        "outputs": 1,
        "timeout": 0,
        "noerr": 0,
        "initialize": "",
        "finalize": "",
        "libs": [],
        "x": 680,
        "y": 420,
        "wires": [
            [
                "aa7dfb34368998bb"
            ]
        ]
    },
    {
        "id": "aa7dfb34368998bb",
        "type": "mysql",
        "z": "99dd0a743a29fbec",
        "mydb": "13a1fc9a07e9e6eb",
        "name": "CPE Table",
        "x": 1210,
        "y": 420,
        "wires": [
            [
                "a4feaf1820d1ac8e"
            ]
        ]
    },
    {
        "id": "0ec5c6746e1e140b",
        "type": "http request",
        "z": "99dd0a743a29fbec",
        "name": "",
        "method": "GET",
        "ret": "txt",
        "paytoqs": "ignore",
        "url": "https://api.waqi.info/feed/geo:13.874620;100.506112/?token=3ac1fc7648f922f54583159e7b7bbcbbac9925c9",
        "tls": "",
        "persist": false,
        "proxy": "",
        "insecureHTTPParser": false,
        "authType": "",
        "senderr": false,
        "headers": [],
        "x": 370,
        "y": 420,
        "wires": [
            [
                "febe4e6e36b34887"
            ]
        ]
    },
    {
        "id": "febe4e6e36b34887",
        "type": "json",
        "z": "99dd0a743a29fbec",
        "name": "Parse JSON",
        "property": "payload",
        "action": "",
        "pretty": false,
        "x": 530,
        "y": 420,
        "wires": [
            [
                "ac307bd3e78ad0d8"
            ]
        ]
    },
    {
        "id": "22a1f95fcda8b902",
        "type": "inject",
        "z": "99dd0a743a29fbec",
        "d": true,
        "name": "IQAir(Open_good)",
        "props": [
            {
                "p": "payload"
            },
            {
                "p": "topic",
                "vt": "str"
            }
        ],
        "repeat": "",
        "crontab": "*/10 13-14 * * 2,3,4,5,6",
        "once": true,
        "onceDelay": 0.1,
        "topic": "",
        "payload": "",
        "payloadType": "date",
        "x": 130,
        "y": 480,
        "wires": [
            [
                "98331e0c4c79bb60"
            ]
        ]
    },
    {
        "id": "c9a7fa8a6871e624",
        "type": "function",
        "z": "99dd0a743a29fbec",
        "name": "function 5",
        "func": "// Debug API response\nnode.warn(msg.payload);\n\n// Check if API response contains required data\nif (!msg.payload || !msg.payload.data || !msg.payload.data.iaqi || !msg.payload.data.iaqi.pm25) {\n    node.error(\"No AQI data found in API response\", msg);\n    return null;  // Stop execution if no data\n}\n\n// Extract values\nconst dust_value = msg.payload.data.iaqi.pm25.v;  // Correct path for PM2.5\n\n// Define latitude, longitude, and place_type based on your specific location\nconst locations = [\n    {\n        lat: 13.8511, \n        lon: 100.578, \n        place_type: \"Open_good_environment\"  // You can add more locations with different place types later\n    },\n    // Add more location entries as needed for other areas\n];\n\n// Construct SQL query for each location\nlocations.forEach(location => {\n    const { lat, lon, place_type } = location;\n\n    // Construct SQL query for the current location\n    msg.topic = `INSERT INTO Project_secondary (lat, lon, dust_value, place_type) \n                 VALUES (${lat}, ${lon}, ${dust_value}, '${place_type}')`;\n\n    // Return the query (you can handle it further as needed)\n    node.send(msg);\n});\n\nreturn null;  // End execution after sending the data for all locations\n",
        "outputs": 1,
        "timeout": 0,
        "noerr": 0,
        "initialize": "",
        "finalize": "",
        "libs": [],
        "x": 680,
        "y": 480,
        "wires": [
            [
                "aa7dfb34368998bb"
            ]
        ]
    },
    {
        "id": "98331e0c4c79bb60",
        "type": "http request",
        "z": "99dd0a743a29fbec",
        "name": "",
        "method": "GET",
        "ret": "txt",
        "paytoqs": "ignore",
        "url": "https://api.waqi.info/feed/geo:13.845730825930907;100.57834432467489/?token=3ac1fc7648f922f54583159e7b7bbcbbac9925c9",
        "tls": "",
        "persist": false,
        "proxy": "",
        "insecureHTTPParser": false,
        "authType": "",
        "senderr": false,
        "headers": [],
        "x": 330,
        "y": 480,
        "wires": [
            [
                "9d912e3abdd9d372"
            ]
        ]
    },
    {
        "id": "9d912e3abdd9d372",
        "type": "json",
        "z": "99dd0a743a29fbec",
        "name": "Parse JSON",
        "property": "payload",
        "action": "",
        "pretty": false,
        "x": 510,
        "y": 480,
        "wires": [
            [
                "c9a7fa8a6871e624"
            ]
        ]
    },
    {
        "id": "4c0e7ae2ebd0e232",
        "type": "inject",
        "z": "99dd0a743a29fbec",
        "d": true,
        "name": "TMD(Open_good)",
        "props": [
            {
                "p": "payload"
            },
            {
                "p": "topic",
                "vt": "str"
            }
        ],
        "repeat": "",
        "crontab": "*/10 13-14 * * 2,3,4,5,6",
        "once": true,
        "onceDelay": 0.1,
        "topic": "",
        "payload": "",
        "payloadType": "date",
        "x": 170,
        "y": 640,
        "wires": [
            [
                "df4e171994cf0b8c"
            ]
        ]
    },
    {
        "id": "df4e171994cf0b8c",
        "type": "http request",
        "z": "99dd0a743a29fbec",
        "name": "",
        "method": "GET",
        "ret": "txt",
        "paytoqs": "ignore",
        "url": "https://data.tmd.go.th/api/Weather3Hours/V2/?uid=api&ukey=api12345&format=json",
        "tls": "",
        "persist": false,
        "proxy": "",
        "insecureHTTPParser": false,
        "authType": "",
        "senderr": false,
        "headers": [],
        "x": 390,
        "y": 640,
        "wires": [
            [
                "7a54d8b4d6544774"
            ]
        ]
    },
    {
        "id": "280f20575be92e0e",
        "type": "function",
        "z": "99dd0a743a29fbec",
        "name": "function 11",
        "func": "// Define the location and place type for Closed_uncleaned_area\nconst myLat = 13.8511;\nconst myLon = 100.578;\nconst place_type = \"Open_good_environment\";\n\n// Extract the stations data from the TMD API response\nconst stations = msg.payload.Stations.Station;\nlet closestStation = null;\nlet minDist = Infinity;\n\n// Iterate through stations to find the closest one\nstations.forEach(station => {\n    const stationLat = parseFloat(station.Latitude);\n    const stationLon = parseFloat(station.Longitude);\n    const distance = Math.sqrt(Math.pow(stationLat - myLat, 2) + Math.pow(stationLon - myLon, 2));\n\n    if (distance < minDist) {\n        minDist = distance;\n        closestStation = station;\n    }\n});\n\nif (!closestStation || !closestStation.Observation) {\n    node.error(\"No nearby weather station or observation data found for location: \" + place_type);\n    return null;\n}\n\n// Extract weather data\nconst temp = closestStation.Observation.AirTemperature !== undefined \n             ? parseFloat(closestStation.Observation.AirTemperature) \n             : null;\nconst humidity = closestStation.Observation.RelativeHumidity !== undefined \n                 ? parseFloat(closestStation.Observation.RelativeHumidity) \n                 : null;\nconst rainfall = closestStation.Observation.Rainfall !== undefined \n                 ? parseFloat(closestStation.Observation.Rainfall) \n                 : null;\n\n// Prepare SQL Query\nmsg.topic = `INSERT INTO tmd (ts, lat, lon, temp, humidity, rainfall, place_type) \n             VALUES (NOW(), ${myLat}, ${myLon}, ${temp}, ${humidity}, ${rainfall}, '${place_type}')`;\n\nreturn msg;\n",
        "outputs": 1,
        "timeout": 0,
        "noerr": 0,
        "initialize": "",
        "finalize": "",
        "libs": [],
        "x": 770,
        "y": 640,
        "wires": [
            [
                "aa7dfb34368998bb"
            ]
        ]
    },
    {
        "id": "7a54d8b4d6544774",
        "type": "json",
        "z": "99dd0a743a29fbec",
        "name": "Parse JSON2",
        "property": "payload",
        "action": "",
        "pretty": false,
        "x": 580,
        "y": 640,
        "wires": [
            [
                "280f20575be92e0e"
            ]
        ]
    },
    {
        "id": "c22b5619ae1bbcbb",
        "type": "inject",
        "z": "99dd0a743a29fbec",
        "d": true,
        "name": "IQAir(Closed_cleaned)",
        "props": [
            {
                "p": "payload"
            },
            {
                "p": "topic",
                "vt": "str"
            }
        ],
        "repeat": "",
        "crontab": "*/10 13-14 * * 2,3,4,5,6",
        "once": true,
        "onceDelay": 0.1,
        "topic": "",
        "payload": "",
        "payloadType": "date",
        "x": 130,
        "y": 520,
        "wires": [
            [
                "e9612ec7bbb730fb"
            ]
        ]
    },
    {
        "id": "0f4d40b866d61694",
        "type": "function",
        "z": "99dd0a743a29fbec",
        "name": "function 13",
        "func": "// Debug API response\nnode.warn(msg.payload);\n\n// Check if API response contains required data\nif (!msg.payload || !msg.payload.data || !msg.payload.data.iaqi || !msg.payload.data.iaqi.pm25) {\n    node.error(\"No AQI data found in API response\", msg);\n    return null;  // Stop execution if no data\n}\n\n// Extract values\nconst dust_value = msg.payload.data.iaqi.pm25.v;  // Correct path for PM2.5\n\n// Define latitude, longitude, and place_type based on your specific location\nconst locations = [\n    {\n        lat: 13.8389, \n        lon: 100.576, \n        place_type: \"Closed_cleaned_area\"  // You can add more locations with different place types later\n    },\n    // Add more location entries as needed for other areas\n];\n\n// Construct SQL query for each location\nlocations.forEach(location => {\n    const { lat, lon, place_type } = location;\n\n    // Construct SQL query for the current location\n    msg.topic = `INSERT INTO Project_secondary (lat, lon, dust_value, place_type) \n                 VALUES (${lat}, ${lon}, ${dust_value}, '${place_type}')`;\n\n    // Return the query (you can handle it further as needed)\n    node.send(msg);\n});\n\nreturn null;  // End execution after sending the data for all locations\n",
        "outputs": 1,
        "timeout": 0,
        "noerr": 0,
        "initialize": "",
        "finalize": "",
        "libs": [],
        "x": 690,
        "y": 520,
        "wires": [
            [
                "aa7dfb34368998bb"
            ]
        ]
    },
    {
        "id": "e9612ec7bbb730fb",
        "type": "http request",
        "z": "99dd0a743a29fbec",
        "name": "",
        "method": "GET",
        "ret": "txt",
        "paytoqs": "ignore",
        "url": "https://api.waqi.info/feed/geo:13.839212508371228;100.57595708049648/?token=3ac1fc7648f922f54583159e7b7bbcbbac9925c9",
        "tls": "",
        "persist": false,
        "proxy": "",
        "insecureHTTPParser": false,
        "authType": "",
        "senderr": false,
        "headers": [],
        "x": 330,
        "y": 520,
        "wires": [
            [
                "978cae15e6b3554a"
            ]
        ]
    },
    {
        "id": "978cae15e6b3554a",
        "type": "json",
        "z": "99dd0a743a29fbec",
        "name": "Parse JSON",
        "property": "payload",
        "action": "",
        "pretty": false,
        "x": 510,
        "y": 520,
        "wires": [
            [
                "0f4d40b866d61694"
            ]
        ]
    },
    {
        "id": "4583d277b07910ba",
        "type": "inject",
        "z": "99dd0a743a29fbec",
        "d": true,
        "name": "TMD(Closed_cleaned)",
        "props": [
            {
                "p": "payload"
            },
            {
                "p": "topic",
                "vt": "str"
            }
        ],
        "repeat": "",
        "crontab": "*/10 13-14 * * 2,3,4,5,6",
        "once": true,
        "onceDelay": 0.1,
        "topic": "",
        "payload": "",
        "payloadType": "date",
        "x": 190,
        "y": 680,
        "wires": [
            [
                "383ae9c874b6e0a7"
            ]
        ]
    },
    {
        "id": "383ae9c874b6e0a7",
        "type": "http request",
        "z": "99dd0a743a29fbec",
        "name": "",
        "method": "GET",
        "ret": "txt",
        "paytoqs": "ignore",
        "url": "https://data.tmd.go.th/api/Weather3Hours/V2/?uid=api&ukey=api12345&format=json",
        "tls": "",
        "persist": false,
        "proxy": "",
        "insecureHTTPParser": false,
        "authType": "",
        "senderr": false,
        "headers": [],
        "x": 390,
        "y": 680,
        "wires": [
            [
                "032b71e733e5c283"
            ]
        ]
    },
    {
        "id": "c8c76bb9ef0935ac",
        "type": "function",
        "z": "99dd0a743a29fbec",
        "name": "function 14",
        "func": "// Define the location and place type for Closed_uncleaned_area\nconst myLat = 13.8389;\nconst myLon = 100.576;\nconst place_type = \"Closed_cleaned_area\";\n\n// Extract the stations data from the TMD API response\nconst stations = msg.payload.Stations.Station;\nlet closestStation = null;\nlet minDist = Infinity;\n\n// Iterate through stations to find the closest one\nstations.forEach(station => {\n    const stationLat = parseFloat(station.Latitude);\n    const stationLon = parseFloat(station.Longitude);\n    const distance = Math.sqrt(Math.pow(stationLat - myLat, 2) + Math.pow(stationLon - myLon, 2));\n\n    if (distance < minDist) {\n        minDist = distance;\n        closestStation = station;\n    }\n});\n\nif (!closestStation || !closestStation.Observation) {\n    node.error(\"No nearby weather station or observation data found for location: \" + place_type);\n    return null;\n}\n\n// Extract weather data\nconst temp = closestStation.Observation.AirTemperature !== undefined \n             ? parseFloat(closestStation.Observation.AirTemperature) \n             : null;\nconst humidity = closestStation.Observation.RelativeHumidity !== undefined \n                 ? parseFloat(closestStation.Observation.RelativeHumidity) \n                 : null;\nconst rainfall = closestStation.Observation.Rainfall !== undefined \n                 ? parseFloat(closestStation.Observation.Rainfall) \n                 : null;\n\n// Prepare SQL Query\nmsg.topic = `INSERT INTO tmd (ts, lat, lon, temp, humidity, rainfall, place_type) \n             VALUES (NOW(), ${myLat}, ${myLon}, ${temp}, ${humidity}, ${rainfall}, '${place_type}')`;\n\nreturn msg;\n",
        "outputs": 1,
        "timeout": 0,
        "noerr": 0,
        "initialize": "",
        "finalize": "",
        "libs": [],
        "x": 730,
        "y": 680,
        "wires": [
            [
                "aa7dfb34368998bb"
            ]
        ]
    },
    {
        "id": "032b71e733e5c283",
        "type": "json",
        "z": "99dd0a743a29fbec",
        "name": "Parse JSON2",
        "property": "payload",
        "action": "",
        "pretty": false,
        "x": 560,
        "y": 680,
        "wires": [
            [
                "c8c76bb9ef0935ac"
            ]
        ]
    },
    {
        "id": "a4feaf1820d1ac8e",
        "type": "debug",
        "z": "99dd0a743a29fbec",
        "name": "debug 7",
        "active": true,
        "tosidebar": true,
        "console": false,
        "tostatus": false,
        "complete": "false",
        "statusVal": "",
        "statusType": "auto",
        "x": 1420,
        "y": 420,
        "wires": []
    },
    {
        "id": "f07826cdac7a8aa2",
        "type": "debug",
        "z": "99dd0a743a29fbec",
        "name": "debug 9",
        "active": true,
        "tosidebar": true,
        "console": false,
        "tostatus": false,
        "complete": "payload",
        "targetType": "msg",
        "statusVal": "",
        "statusType": "auto",
        "x": 760,
        "y": 280,
        "wires": []
    },
    {
        "id": "de6add2f6a472045",
        "type": "comment",
        "z": "99dd0a743a29fbec",
        "name": "information2",
        "info": "# This is for secondary data",
        "x": 130,
        "y": 360,
        "wires": []
    },
    {
        "id": "187c3e8cdc83cc8c",
        "type": "comment",
        "z": "99dd0a743a29fbec",
        "name": "Information",
        "info": "# This is for the primary data.",
        "x": 120,
        "y": 240,
        "wires": []
    },
    {
        "id": "930f39ee44bf659e",
        "type": "debug",
        "z": "99dd0a743a29fbec",
        "name": "debug 6",
        "active": true,
        "tosidebar": true,
        "console": false,
        "tostatus": false,
        "complete": "false",
        "statusVal": "",
        "statusType": "auto",
        "x": 420,
        "y": 180,
        "wires": []
    },
    {
        "id": "1f67dce30d012432",
        "type": "debug",
        "z": "99dd0a743a29fbec",
        "name": "debug 10",
        "active": true,
        "tosidebar": true,
        "console": false,
        "tostatus": false,
        "complete": "false",
        "statusVal": "",
        "statusType": "auto",
        "x": 640,
        "y": 180,
        "wires": []
    },
    {
        "id": "13a1fc9a07e9e6eb",
        "type": "MySQLdatabase",
        "name": "CPE Table",
        "host": "iot.cpe.ku.ac.th",
        "port": "3306",
        "db": "b6610545430",
        "tz": "+7:00",
        "charset": "UTF8"
    },
    {
        "id": "a0e216210f108bbf",
        "type": "mqtt-broker",
        "name": "CPE Server",
        "broker": "iot.cpe.ku.ac.th",
        "port": 1883,
        "clientid": "",
        "autoConnect": true,
        "usetls": false,
        "protocolVersion": 4,
        "keepalive": 60,
        "cleansession": true,
        "autoUnsubscribe": true,
        "birthTopic": "",
        "birthQos": "0",
        "birthRetain": "false",
        "birthPayload": "",
        "birthMsg": {},
        "closeTopic": "",
        "closeQos": "0",
        "closeRetain": "false",
        "closePayload": "",
        "closeMsg": {},
        "willTopic": "",
        "willQos": "0",
        "willRetain": "false",
        "willPayload": "",
        "willMsg": {},
        "userProps": "",
        "sessionExpiry": ""
    }
]